{
	"$schema": "http://schema.management.azure.com/schemas/2015-01-01/deploymentTemplate.json#",
	"contentVersion": "1.0.0.0",
	"parameters": {
		"factoryName": {
			"type": "string",
			"metadata": "Data Factory name",
			"defaultValue": "td-aa-trng-adf"
		}
	},
	"variables": {
		"factoryId": "[concat('Microsoft.DataFactory/factories/', parameters('factoryName'))]"
	},
	"resources": [
		{
			"name": "[concat(parameters('factoryName'), '/CI_CD_Test')]",
			"type": "Microsoft.DataFactory/factories/pipelines",
			"apiVersion": "2018-06-01",
			"properties": {
				"activities": [
					{
						"name": "SrcToTgt1",
						"type": "Copy",
						"dependsOn": [],
						"policy": {
							"timeout": "7.00:00:00",
							"retry": 0,
							"retryIntervalInSeconds": 30,
							"secureOutput": false,
							"secureInput": false
						},
						"userProperties": [],
						"typeProperties": {
							"source": {
								"type": "DelimitedTextSource",
								"storeSettings": {
									"type": "AzureBlobFSReadSettings",
									"recursive": true
								},
								"formatSettings": {
									"type": "DelimitedTextReadSettings"
								}
							},
							"sink": {
								"type": "DelimitedTextSink",
								"storeSettings": {
									"type": "AzureBlobFSWriteSettings"
								},
								"formatSettings": {
									"type": "DelimitedTextWriteSettings",
									"quoteAllText": true,
									"fileExtension": ".txt"
								}
							},
							"enableStaging": false,
							"translator": {
								"type": "TabularTranslator",
								"mappings": [
									{
										"source": {
											"name": "BUSINESS_UNIT",
											"type": "String",
											"physicalType": "String"
										},
										"sink": {
											"name": "BUSINESS_UNIT",
											"type": "String",
											"physicalType": "String"
										}
									},
									{
										"source": {
											"name": "ASSET_ID",
											"type": "String",
											"physicalType": "String"
										},
										"sink": {
											"name": "ASSET_ID",
											"type": "String",
											"physicalType": "String"
										}
									},
									{
										"source": {
											"name": "EFFDT",
											"type": "String",
											"physicalType": "String"
										},
										"sink": {
											"name": "EFFDT",
											"type": "String",
											"physicalType": "String"
										}
									},
									{
										"source": {
											"name": "OWNING_BUS_UNIT7",
											"type": "String",
											"physicalType": "String"
										},
										"sink": {
											"name": "OWNING_BUS_UNIT7",
											"type": "String",
											"physicalType": "String"
										}
									}
								],
								"typeConversion": true,
								"typeConversionSettings": {
									"allowDataTruncation": true,
									"treatBooleanAsNumber": false
								}
							}
						},
						"inputs": [
							{
								"referenceName": "SrcData",
								"type": "DatasetReference"
							}
						],
						"outputs": [
							{
								"referenceName": "TgtData",
								"type": "DatasetReference"
							}
						]
					}
				],
				"folder": {
					"name": "CI-CD"
				},
				"annotations": []
			},
			"dependsOn": []
		}
	]
}