{
	"$schema": "http://schema.management.azure.com/schemas/2015-01-01/deploymentTemplate.json#",
	"contentVersion": "1.0.0.0",
	"parameters": {
		"factoryName": {
			"type": "string",
			"metadata": "Data Factory name",
			"defaultValue": "td-aa-trng-adf"
		}
	},
	"variables": {
		"factoryId": "[concat('Microsoft.DataFactory/factories/', parameters('factoryName'))]"
	},
	"resources": [
		{
			"name": "[concat(parameters('factoryName'), '/Transcend_ls')]",
			"type": "Microsoft.DataFactory/factories/linkedServices",
			"apiVersion": "2018-06-01",
			"properties": {
				"annotations": [],
				"type": "Teradata",
				"typeProperties": {
					"connectionString": {
						"type": "SecureString",
						"value": "**********"
					},
					"username": "td\\pt186024",
					"password": {
						"type": "AzureKeyVaultSecret",
						"store": {
							"referenceName": "key_vault_ls",
							"type": "LinkedServiceReference"
						},
						"secretName": "transend"
					}
				},
				"connectVia": {
					"referenceName": "gdc-aa-ir-transcend-vantage",
					"type": "IntegrationRuntimeReference"
				}
			},
			"dependsOn": []
		}
	]
}