{
	"$schema": "http://schema.management.azure.com/schemas/2015-01-01/deploymentTemplate.json#",
	"contentVersion": "1.0.0.0",
	"parameters": {
		"factoryName": {
			"type": "string",
			"metadata": "Data Factory name",
			"defaultValue": "td-aa-trng-adf"
		}
	},
	"variables": {
		"factoryId": "[concat('Microsoft.DataFactory/factories/', parameters('factoryName'))]"
	},
	"resources": [
		{
			"name": "[concat(parameters('factoryName'), '/adf_batch_ls')]",
			"type": "Microsoft.DataFactory/factories/linkedServices",
			"apiVersion": "2018-06-01",
			"properties": {
				"annotations": [],
				"type": "AzureBatch",
				"typeProperties": {
					"accountName": "tdaapocbatch",
					"accessKey": {
						"type": "SecureString",
						"value": "**********"
					},
					"batchUri": "https://tdaapocbatch.eastus.batch.azure.com",
					"poolName": "td-aa-poc-pool-id",
					"linkedServiceName": {
						"referenceName": "blob_ls",
						"type": "LinkedServiceReference"
					}
				}
			},
			"dependsOn": []
		}
	]
}