{
	"$schema": "http://schema.management.azure.com/schemas/2015-01-01/deploymentTemplate.json#",
	"contentVersion": "1.0.0.0",
	"parameters": {
		"factoryName": {
			"type": "string",
			"metadata": "Data Factory name",
			"defaultValue": "td-aa-trng-adf"
		}
	},
	"variables": {
		"factoryId": "[concat('Microsoft.DataFactory/factories/', parameters('factoryName'))]"
	},
	"resources": [
		{
			"name": "[concat(parameters('factoryName'), '/hg250013_ADB_REST_DATA_USECASE')]",
			"type": "Microsoft.DataFactory/factories/pipelines",
			"apiVersion": "2018-06-01",
			"properties": {
				"activities": [
					{
						"name": "Get_Data_From_REST_API",
						"type": "Copy",
						"dependsOn": [],
						"policy": {
							"timeout": "7.00:00:00",
							"retry": 0,
							"retryIntervalInSeconds": 30,
							"secureOutput": false,
							"secureInput": false
						},
						"userProperties": [],
						"typeProperties": {
							"source": {
								"type": "RestSource",
								"httpRequestTimeout": "00:01:40",
								"requestInterval": "00.00:00:00.010",
								"requestMethod": "GET"
							},
							"sink": {
								"type": "JsonSink",
								"storeSettings": {
									"type": "AzureBlobFSWriteSettings"
								},
								"formatSettings": {
									"type": "JsonWriteSettings",
									"quoteAllText": true
								}
							},
							"enableStaging": false
						},
						"inputs": [
							{
								"referenceName": "hg250013_Rest_api_ds",
								"type": "DatasetReference"
							}
						],
						"outputs": [
							{
								"referenceName": "hg250013_raw_json_rest_ds",
								"type": "DatasetReference"
							}
						]
					},
					{
						"name": "Notebook1",
						"type": "DatabricksNotebook",
						"dependsOn": [
							{
								"activity": "Get_Data_From_REST_API",
								"dependencyConditions": [
									"Succeeded"
								]
							}
						],
						"policy": {
							"timeout": "7.00:00:00",
							"retry": 0,
							"retryIntervalInSeconds": 30,
							"secureOutput": false,
							"secureInput": false
						},
						"userProperties": [],
						"typeProperties": {
							"notebookPath": "/Users/harshit.goyal@qateradatacloud.com/UseCase_Demo_session_2"
						},
						"linkedServiceName": {
							"referenceName": "adb_ls",
							"type": "LinkedServiceReference"
						}
					}
				],
				"folder": {
					"name": "ADB_Demo"
				},
				"annotations": []
			},
			"dependsOn": [
				"[concat(variables('factoryId'), '/datasets/hg250013_Rest_api_ds')]",
				"[concat(variables('factoryId'), '/datasets/hg250013_raw_json_rest_ds')]",
				"[concat(variables('factoryId'), '/linkedServices/adb_ls')]"
			]
		},
		{
			"name": "[concat(parameters('factoryName'), '/hg250013_DataBricks_test_pipeline')]",
			"type": "Microsoft.DataFactory/factories/pipelines",
			"apiVersion": "2018-06-01",
			"properties": {
				"activities": [
					{
						"name": "Notebook1",
						"type": "DatabricksNotebook",
						"dependsOn": [],
						"policy": {
							"timeout": "7.00:00:00",
							"retry": 0,
							"retryIntervalInSeconds": 30,
							"secureOutput": false,
							"secureInput": false
						},
						"userProperties": [],
						"typeProperties": {
							"notebookPath": "/hg250013/TestAdfAdbIntegration"
						},
						"linkedServiceName": {
							"referenceName": "adb_ls",
							"type": "LinkedServiceReference"
						}
					}
				],
				"folder": {
					"name": "ADB_Demo"
				},
				"annotations": []
			},
			"dependsOn": [
				"[concat(variables('factoryId'), '/linkedServices/adb_ls')]"
			]
		},
		{
			"name": "[concat(parameters('factoryName'), '/hg250013_adf_td_training_demo')]",
			"type": "Microsoft.DataFactory/factories/pipelines",
			"apiVersion": "2018-06-01",
			"properties": {
				"activities": [
					{
						"name": "FullParquetCopy",
						"type": "Copy",
						"dependsOn": [],
						"policy": {
							"timeout": "7.00:00:00",
							"retry": 0,
							"retryIntervalInSeconds": 30,
							"secureOutput": false,
							"secureInput": false
						},
						"userProperties": [],
						"typeProperties": {
							"source": {
								"type": "DelimitedTextSource",
								"storeSettings": {
									"type": "AzureBlobFSReadSettings",
									"recursive": true
								},
								"formatSettings": {
									"type": "DelimitedTextReadSettings"
								}
							},
							"sink": {
								"type": "ParquetSink",
								"storeSettings": {
									"type": "AzureBlobFSWriteSettings",
									"copyBehavior": "FlattenHierarchy"
								}
							},
							"enableStaging": false,
							"translator": {
								"type": "TabularTranslator",
								"mappings": [
									{
										"source": {
											"name": "Flight#",
											"type": "String"
										},
										"sink": {
											"name": "FlightNo",
											"type": "String"
										}
									},
									{
										"source": {
											"name": "Origin",
											"type": "String"
										},
										"sink": {
											"name": "Origin",
											"type": "String"
										}
									},
									{
										"source": {
											"name": "Dest",
											"type": "String"
										},
										"sink": {
											"name": "Dest",
											"type": "String"
										}
									},
									{
										"source": {
											"name": "FlightDate",
											"type": "String"
										},
										"sink": {
											"name": "FlightDate",
											"type": "String"
										}
									},
									{
										"source": {
											"name": "NoSalesReason",
											"type": "String"
										},
										"sink": {
											"name": "NoSalesReason",
											"type": "String"
										}
									},
									{
										"source": {
											"name": "TransmittingFlightAttd",
											"type": "String"
										},
										"sink": {
											"name": "TransmittingFlightAttd",
											"type": "String"
										}
									}
								]
							}
						},
						"inputs": [
							{
								"referenceName": "hg250013_flat_file_source_ds",
								"type": "DatasetReference"
							}
						],
						"outputs": [
							{
								"referenceName": "hg250013_flat_par_sink1_ds",
								"type": "DatasetReference"
							}
						]
					},
					{
						"name": "flatToJsonCopy3",
						"type": "Copy",
						"dependsOn": [
							{
								"activity": "partialflatfile2",
								"dependencyConditions": [
									"Succeeded"
								]
							}
						],
						"policy": {
							"timeout": "7.00:00:00",
							"retry": 0,
							"retryIntervalInSeconds": 30,
							"secureOutput": false,
							"secureInput": false
						},
						"userProperties": [],
						"typeProperties": {
							"source": {
								"type": "DelimitedTextSource",
								"storeSettings": {
									"type": "AzureBlobFSReadSettings",
									"recursive": true
								},
								"formatSettings": {
									"type": "DelimitedTextReadSettings"
								}
							},
							"sink": {
								"type": "JsonSink",
								"storeSettings": {
									"type": "AzureBlobFSWriteSettings"
								},
								"formatSettings": {
									"type": "JsonWriteSettings",
									"quoteAllText": true
								}
							},
							"enableStaging": false,
							"translator": {
								"type": "TabularTranslator",
								"mappings": [
									{
										"source": {
											"name": "Flight#",
											"type": "String"
										},
										"sink": {
											"path": "$['FlightNo']"
										}
									},
									{
										"source": {
											"name": "Origin",
											"type": "String"
										},
										"sink": {
											"path": "$['Origin']"
										}
									},
									{
										"source": {
											"name": "Dest",
											"type": "String"
										},
										"sink": {
											"path": "$['Dest']"
										}
									},
									{
										"source": {
											"name": "FlightDate",
											"type": "String"
										},
										"sink": {
											"path": "$['FlightDate']"
										}
									},
									{
										"source": {
											"name": "NoSalesReason",
											"type": "String"
										},
										"sink": {
											"path": "$['noSalesReason']"
										}
									},
									{
										"source": {
											"name": "TransmittingFlightAttd",
											"type": "String"
										},
										"sink": {
											"path": "$['TransmittingFlightAttd']"
										}
									}
								]
							}
						},
						"inputs": [
							{
								"referenceName": "hg250013_flat_file_source_ds",
								"type": "DatasetReference"
							}
						],
						"outputs": [
							{
								"referenceName": "hg250013_json_file_sink3_ds",
								"type": "DatasetReference"
							}
						]
					},
					{
						"name": "partialflatfile2",
						"type": "Copy",
						"dependsOn": [
							{
								"activity": "FullParquetCopy",
								"dependencyConditions": [
									"Succeeded"
								]
							}
						],
						"policy": {
							"timeout": "7.00:00:00",
							"retry": 0,
							"retryIntervalInSeconds": 30,
							"secureOutput": false,
							"secureInput": false
						},
						"userProperties": [],
						"typeProperties": {
							"source": {
								"type": "DelimitedTextSource",
								"storeSettings": {
									"type": "AzureBlobFSReadSettings",
									"recursive": true
								},
								"formatSettings": {
									"type": "DelimitedTextReadSettings"
								}
							},
							"sink": {
								"type": "DelimitedTextSink",
								"storeSettings": {
									"type": "AzureBlobFSWriteSettings"
								},
								"formatSettings": {
									"type": "DelimitedTextWriteSettings",
									"quoteAllText": true,
									"fileExtension": ".txt"
								}
							},
							"enableStaging": false,
							"translator": {
								"type": "TabularTranslator",
								"mappings": [
									{
										"source": {
											"name": "Flight#",
											"type": "String"
										},
										"sink": {
											"name": "Flight"
										}
									},
									{
										"source": {
											"name": "Origin",
											"type": "String"
										},
										"sink": {
											"name": "Origin"
										}
									},
									{
										"source": {
											"name": "Dest",
											"type": "String"
										},
										"sink": {
											"name": "Dest"
										}
									},
									{
										"source": {
											"name": "FlightDate",
											"type": "String"
										},
										"sink": {
											"name": "FlightDate"
										}
									}
								]
							}
						},
						"inputs": [
							{
								"referenceName": "hg250013_flat_file_source_ds",
								"type": "DatasetReference"
							}
						],
						"outputs": [
							{
								"referenceName": "hg250013_flat_csv_sink2_ds",
								"type": "DatasetReference"
							}
						]
					},
					{
						"name": "makeDataPartitioned",
						"type": "ExecuteDataFlow",
						"dependsOn": [
							{
								"activity": "flatToJsonCopy3",
								"dependencyConditions": [
									"Succeeded"
								]
							}
						],
						"policy": {
							"timeout": "7.00:00:00",
							"retry": 0,
							"retryIntervalInSeconds": 30,
							"secureOutput": false,
							"secureInput": false
						},
						"userProperties": [],
						"typeProperties": {
							"dataflow": {
								"referenceName": "hg250013_makeDataPartitioned",
								"type": "DataFlowReference"
							},
							"compute": {
								"coreCount": 8,
								"computeType": "General"
							}
						}
					}
				],
				"folder": {
					"name": "ADF_Demo"
				},
				"annotations": []
			},
			"dependsOn": [
				"[concat(variables('factoryId'), '/datasets/hg250013_flat_file_source_ds')]",
				"[concat(variables('factoryId'), '/datasets/hg250013_flat_par_sink1_ds')]",
				"[concat(variables('factoryId'), '/datasets/hg250013_json_file_sink3_ds')]",
				"[concat(variables('factoryId'), '/datasets/hg250013_flat_csv_sink2_ds')]",
				"[concat(variables('factoryId'), '/dataflows/hg250013_makeDataPartitioned')]"
			]
		},
		{
			"name": "[concat(parameters('factoryName'), '/hg250013_adf_td_training_demo_Run_par')]",
			"type": "Microsoft.DataFactory/factories/pipelines",
			"apiVersion": "2018-06-01",
			"properties": {
				"activities": [
					{
						"name": "FullParquetCopy",
						"type": "Copy",
						"dependsOn": [],
						"policy": {
							"timeout": "7.00:00:00",
							"retry": 0,
							"retryIntervalInSeconds": 30,
							"secureOutput": false,
							"secureInput": false
						},
						"userProperties": [],
						"typeProperties": {
							"source": {
								"type": "DelimitedTextSource",
								"storeSettings": {
									"type": "AzureBlobFSReadSettings",
									"recursive": true
								},
								"formatSettings": {
									"type": "DelimitedTextReadSettings"
								}
							},
							"sink": {
								"type": "ParquetSink",
								"storeSettings": {
									"type": "AzureBlobFSWriteSettings"
								}
							},
							"enableStaging": false,
							"translator": {
								"type": "TabularTranslator",
								"mappings": [
									{
										"source": {
											"name": "Flight#",
											"type": "String"
										},
										"sink": {
											"name": "FlightNo",
											"type": "String"
										}
									},
									{
										"source": {
											"name": "Origin",
											"type": "String"
										},
										"sink": {
											"name": "Origin",
											"type": "String"
										}
									},
									{
										"source": {
											"name": "Dest",
											"type": "String"
										},
										"sink": {
											"name": "Dest",
											"type": "String"
										}
									},
									{
										"source": {
											"name": "FlightDate",
											"type": "String"
										},
										"sink": {
											"name": "FlightDate",
											"type": "String"
										}
									},
									{
										"source": {
											"name": "NoSalesReason",
											"type": "String"
										},
										"sink": {
											"name": "NoSalesReason",
											"type": "String"
										}
									},
									{
										"source": {
											"name": "TransmittingFlightAttd",
											"type": "String"
										},
										"sink": {
											"name": "TransmittingFlightAttd",
											"type": "String"
										}
									}
								]
							}
						},
						"inputs": [
							{
								"referenceName": "hg250013_flat_file_source_ds",
								"type": "DatasetReference"
							}
						],
						"outputs": [
							{
								"referenceName": "hg250013_flat_par_sink1_ds",
								"type": "DatasetReference"
							}
						]
					},
					{
						"name": "partialflatfile",
						"type": "Copy",
						"dependsOn": [
							{
								"activity": "If Condition1",
								"dependencyConditions": [
									"Succeeded"
								]
							}
						],
						"policy": {
							"timeout": "7.00:00:00",
							"retry": 0,
							"retryIntervalInSeconds": 30,
							"secureOutput": false,
							"secureInput": false
						},
						"userProperties": [],
						"typeProperties": {
							"source": {
								"type": "DelimitedTextSource",
								"storeSettings": {
									"type": "AzureBlobFSReadSettings",
									"recursive": true
								},
								"formatSettings": {
									"type": "DelimitedTextReadSettings"
								}
							},
							"sink": {
								"type": "DelimitedTextSink",
								"storeSettings": {
									"type": "AzureBlobFSWriteSettings"
								},
								"formatSettings": {
									"type": "DelimitedTextWriteSettings",
									"quoteAllText": true,
									"fileExtension": ".txt"
								}
							},
							"enableStaging": false,
							"translator": {
								"type": "TabularTranslator",
								"mappings": [
									{
										"source": {
											"name": "Flight#",
											"type": "String"
										},
										"sink": {
											"name": "Flight"
										}
									},
									{
										"source": {
											"name": "Origin",
											"type": "String"
										},
										"sink": {
											"name": "Origin"
										}
									},
									{
										"source": {
											"name": "Dest",
											"type": "String"
										},
										"sink": {
											"name": "Dest"
										}
									},
									{
										"source": {
											"name": "FlightDate",
											"type": "String"
										},
										"sink": {
											"name": "FlightDate"
										}
									}
								]
							}
						},
						"inputs": [
							{
								"referenceName": "hg250013_flat_file_source_ds",
								"type": "DatasetReference"
							}
						],
						"outputs": [
							{
								"referenceName": "hg250013_flat_csv_sink2_ds",
								"type": "DatasetReference"
							}
						]
					},
					{
						"name": "makeDataPartitioned",
						"type": "ExecuteDataFlow",
						"dependsOn": [],
						"policy": {
							"timeout": "7.00:00:00",
							"retry": 0,
							"retryIntervalInSeconds": 30,
							"secureOutput": false,
							"secureInput": false
						},
						"userProperties": [],
						"typeProperties": {
							"dataflow": {
								"referenceName": "hg250013_makeDataPartitioned",
								"type": "DataFlowReference"
							},
							"compute": {
								"coreCount": 8,
								"computeType": "General"
							}
						}
					},
					{
						"name": "Set variable FullParCopy",
						"type": "SetVariable",
						"dependsOn": [
							{
								"activity": "FullParquetCopy",
								"dependencyConditions": [
									"Succeeded"
								]
							}
						],
						"userProperties": [],
						"typeProperties": {
							"variableName": "FullParCopy",
							"value": true
						}
					},
					{
						"name": "Set variable partialflatFile check",
						"type": "SetVariable",
						"dependsOn": [
							{
								"activity": "makeDataPartitioned",
								"dependencyConditions": [
									"Succeeded"
								]
							}
						],
						"userProperties": [],
						"typeProperties": {
							"variableName": "PartialFlatFile",
							"value": true
						}
					},
					{
						"name": "If Condition1",
						"type": "IfCondition",
						"dependsOn": [
							{
								"activity": "Set variable FullParCopy",
								"dependencyConditions": [
									"Succeeded"
								]
							},
							{
								"activity": "Set variable partialflatFile check",
								"dependencyConditions": [
									"Succeeded"
								]
							}
						],
						"userProperties": [],
						"typeProperties": {
							"expression": {
								"value": "@and(equals(variables('FullParCopy'),true),equals(variables('PartialFlatFile'),true))",
								"type": "Expression"
							},
							"ifTrueActivities": [
								{
									"name": "flatToJsonCopy3",
									"type": "Copy",
									"dependsOn": [],
									"policy": {
										"timeout": "7.00:00:00",
										"retry": 0,
										"retryIntervalInSeconds": 30,
										"secureOutput": false,
										"secureInput": false
									},
									"userProperties": [],
									"typeProperties": {
										"source": {
											"type": "DelimitedTextSource",
											"storeSettings": {
												"type": "AzureBlobFSReadSettings",
												"recursive": true
											},
											"formatSettings": {
												"type": "DelimitedTextReadSettings"
											}
										},
										"sink": {
											"type": "JsonSink",
											"storeSettings": {
												"type": "AzureBlobFSWriteSettings"
											},
											"formatSettings": {
												"type": "JsonWriteSettings",
												"quoteAllText": true
											}
										},
										"enableStaging": false,
										"translator": {
											"type": "TabularTranslator",
											"mappings": [
												{
													"source": {
														"name": "Flight#",
														"type": "String"
													},
													"sink": {
														"path": "$['FlightNo']"
													}
												},
												{
													"source": {
														"name": "Origin",
														"type": "String"
													},
													"sink": {
														"path": "$['Origin']"
													}
												},
												{
													"source": {
														"name": "Dest",
														"type": "String"
													},
													"sink": {
														"path": "$['Dest']"
													}
												},
												{
													"source": {
														"name": "FlightDate",
														"type": "String"
													},
													"sink": {
														"path": "$['FlightDate']"
													}
												},
												{
													"source": {
														"name": "NoSalesReason",
														"type": "String"
													},
													"sink": {
														"path": "$['noSalesReason']"
													}
												},
												{
													"source": {
														"name": "TransmittingFlightAttd",
														"type": "String"
													},
													"sink": {
														"path": "$['TransmittingFlightAttd']"
													}
												}
											]
										}
									},
									"inputs": [
										{
											"referenceName": "hg250013_flat_file_source_ds",
											"type": "DatasetReference"
										}
									],
									"outputs": [
										{
											"referenceName": "hg250013_json_file_sink3_ds",
											"type": "DatasetReference"
										}
									]
								}
							]
						}
					}
				],
				"variables": {
					"FullParCopy": {
						"type": "Boolean"
					},
					"PartialFlatFile": {
						"type": "Boolean"
					}
				},
				"folder": {
					"name": "ADF_Demo"
				},
				"annotations": []
			},
			"dependsOn": [
				"[concat(variables('factoryId'), '/datasets/hg250013_flat_file_source_ds')]",
				"[concat(variables('factoryId'), '/datasets/hg250013_flat_par_sink1_ds')]",
				"[concat(variables('factoryId'), '/datasets/hg250013_flat_csv_sink2_ds')]",
				"[concat(variables('factoryId'), '/dataflows/hg250013_makeDataPartitioned')]",
				"[concat(variables('factoryId'), '/datasets/hg250013_json_file_sink3_ds')]"
			]
		},
		{
			"name": "[concat(parameters('factoryName'), '/hg250013_parameter_demo')]",
			"type": "Microsoft.DataFactory/factories/pipelines",
			"apiVersion": "2018-06-01",
			"properties": {
				"activities": [
					{
						"name": "getParameterFromConfigFolder",
						"type": "Lookup",
						"dependsOn": [],
						"policy": {
							"timeout": "7.00:00:00",
							"retry": 0,
							"retryIntervalInSeconds": 30,
							"secureOutput": false,
							"secureInput": false
						},
						"userProperties": [],
						"typeProperties": {
							"source": {
								"type": "JsonSource",
								"storeSettings": {
									"type": "AzureBlobFSReadSettings",
									"recursive": true
								},
								"formatSettings": {
									"type": "JsonReadSettings"
								}
							},
							"dataset": {
								"referenceName": "hg250013_parameter_ds",
								"type": "DatasetReference"
							},
							"firstRowOnly": true
						}
					},
					{
						"name": "Copy data1",
						"type": "Copy",
						"dependsOn": [
							{
								"activity": "getParameterFromConfigFolder",
								"dependencyConditions": [
									"Succeeded"
								]
							}
						],
						"policy": {
							"timeout": "7.00:00:00",
							"retry": 0,
							"retryIntervalInSeconds": 30,
							"secureOutput": false,
							"secureInput": false
						},
						"userProperties": [],
						"typeProperties": {
							"source": {
								"type": "DelimitedTextSource",
								"storeSettings": {
									"type": "AzureBlobFSReadSettings",
									"recursive": true
								},
								"formatSettings": {
									"type": "DelimitedTextReadSettings"
								}
							},
							"sink": {
								"type": "ParquetSink",
								"storeSettings": {
									"type": "AzureBlobFSWriteSettings"
								}
							},
							"enableStaging": false
						},
						"inputs": [
							{
								"referenceName": "hg250013_flat_file_source_ds_for_parameter_demo",
								"type": "DatasetReference",
								"parameters": {
									"containerName": {
										"value": "@activity('getParameterFromConfigFolder').output.firstRow.sourceContainer",
										"type": "Expression"
									},
									"directoryName": {
										"value": "@activity('getParameterFromConfigFolder').output.firstRow.sourceDirectory",
										"type": "Expression"
									},
									"fileName": {
										"value": "@activity('getParameterFromConfigFolder').output.firstRow.sourceFileName",
										"type": "Expression"
									}
								}
							}
						],
						"outputs": [
							{
								"referenceName": "hg250013_flat_par_sink1_ds_for_parameter_demo",
								"type": "DatasetReference",
								"parameters": {
									"destContainer": {
										"value": "@activity('getParameterFromConfigFolder').output.firstRow.destContainer",
										"type": "Expression"
									},
									"destDirectory": {
										"value": "@activity('getParameterFromConfigFolder').output.firstRow.destDirectory",
										"type": "Expression"
									},
									"destFileName": {
										"value": "@activity('getParameterFromConfigFolder').output.firstRow.destFileName",
										"type": "Expression"
									}
								}
							}
						]
					},
					{
						"name": "Get Metadata1",
						"type": "GetMetadata",
						"dependsOn": [
							{
								"activity": "Copy data1",
								"dependencyConditions": [
									"Succeeded"
								]
							}
						],
						"policy": {
							"timeout": "7.00:00:00",
							"retry": 0,
							"retryIntervalInSeconds": 30,
							"secureOutput": false,
							"secureInput": false
						},
						"userProperties": [],
						"typeProperties": {
							"dataset": {
								"referenceName": "hg250013_flat_file_source_ds",
								"type": "DatasetReference"
							},
							"fieldList": [
								"itemName",
								"columnCount"
							],
							"storeSettings": {
								"type": "AzureBlobFSReadSettings",
								"recursive": true
							},
							"formatSettings": {
								"type": "DelimitedTextReadSettings"
							}
						}
					}
				],
				"parameters": {
					"sourceFileName": {
						"type": "string",
						"defaultValue": "nosales.txt"
					}
				},
				"folder": {
					"name": "ADF_Demo"
				},
				"annotations": []
			},
			"dependsOn": [
				"[concat(variables('factoryId'), '/datasets/hg250013_parameter_ds')]",
				"[concat(variables('factoryId'), '/datasets/hg250013_flat_file_source_ds_for_parameter_demo')]",
				"[concat(variables('factoryId'), '/datasets/hg250013_flat_par_sink1_ds_for_parameter_demo')]",
				"[concat(variables('factoryId'), '/datasets/hg250013_flat_file_source_ds')]"
			]
		},
		{
			"name": "[concat(parameters('factoryName'), '/Hg250013_Parameter_json_ds')]",
			"type": "Microsoft.DataFactory/factories/datasets",
			"apiVersion": "2018-06-01",
			"properties": {
				"linkedServiceName": {
					"referenceName": "adls_ls",
					"type": "LinkedServiceReference"
				},
				"folder": {
					"name": "ADF_Demo_DS"
				},
				"annotations": [],
				"type": "Json",
				"typeProperties": {
					"location": {
						"type": "AzureBlobFSLocation",
						"fileName": "ADF_parameters_2.json",
						"folderPath": "config",
						"fileSystem": "hg250013"
					}
				},
				"schema": {
					"type": "object",
					"properties": {
						"emailURL": {
							"type": "string"
						},
						"EmailId": {
							"type": "string"
						},
						"sourceFileName": {
							"type": "string"
						},
						"sourceDirectory": {
							"type": "string"
						},
						"sourceContainer": {
							"type": "string"
						},
						"destFileName": {
							"type": "string"
						},
						"destDirectory": {
							"type": "string"
						},
						"destContainer": {
							"type": "string"
						}
					}
				}
			},
			"dependsOn": []
		},
		{
			"name": "[concat(parameters('factoryName'), '/Hg250013_parameter_source_ds')]",
			"type": "Microsoft.DataFactory/factories/datasets",
			"apiVersion": "2018-06-01",
			"properties": {
				"linkedServiceName": {
					"referenceName": "adls_ls",
					"type": "LinkedServiceReference"
				},
				"parameters": {
					"sourceDirectory": {
						"type": "string"
					},
					"sourceContainer": {
						"type": "string"
					},
					"sourceFileName": {
						"type": "string"
					}
				},
				"folder": {
					"name": "ADF_Demo_DS"
				},
				"annotations": [],
				"type": "DelimitedText",
				"typeProperties": {
					"location": {
						"type": "AzureBlobFSLocation"
					},
					"columnDelimiter": "^",
					"escapeChar": "\\",
					"quoteChar": "\""
				},
				"schema": []
			},
			"dependsOn": []
		},
		{
			"name": "[concat(parameters('factoryName'), '/hg250013_Rest_api_ds')]",
			"type": "Microsoft.DataFactory/factories/datasets",
			"apiVersion": "2018-06-01",
			"properties": {
				"linkedServiceName": {
					"referenceName": "rest_api_ls",
					"type": "LinkedServiceReference"
				},
				"annotations": [],
				"type": "RestResource",
				"schema": []
			},
			"dependsOn": [
				"[concat(variables('factoryId'), '/linkedServices/rest_api_ls')]"
			]
		},
		{
			"name": "[concat(parameters('factoryName'), '/hg250013_csv_partitioned_ds')]",
			"type": "Microsoft.DataFactory/factories/datasets",
			"apiVersion": "2018-06-01",
			"properties": {
				"linkedServiceName": {
					"referenceName": "adls_ls",
					"type": "LinkedServiceReference"
				},
				"folder": {
					"name": "ADF_Demo_DS"
				},
				"annotations": [],
				"type": "DelimitedText",
				"typeProperties": {
					"location": {
						"type": "AzureBlobFSLocation",
						"folderPath": "output4",
						"fileSystem": "hg250013"
					},
					"columnDelimiter": ",",
					"escapeChar": "\\",
					"firstRowAsHeader": true,
					"quoteChar": "\""
				},
				"schema": []
			},
			"dependsOn": []
		},
		{
			"name": "[concat(parameters('factoryName'), '/hg250013_flat_csv_sink2_ds')]",
			"type": "Microsoft.DataFactory/factories/datasets",
			"apiVersion": "2018-06-01",
			"properties": {
				"linkedServiceName": {
					"referenceName": "adls_ls",
					"type": "LinkedServiceReference"
				},
				"folder": {
					"name": "ADF_Demo_DS"
				},
				"annotations": [],
				"type": "DelimitedText",
				"typeProperties": {
					"location": {
						"type": "AzureBlobFSLocation",
						"folderPath": "output2",
						"fileSystem": "hg250013"
					},
					"columnDelimiter": ",",
					"escapeChar": "\\",
					"firstRowAsHeader": true,
					"quoteChar": "\""
				},
				"schema": [
					{
						"name": "Flight",
						"type": "String"
					},
					{
						"name": "Origin",
						"type": "String"
					},
					{
						"name": "Dest",
						"type": "String"
					},
					{
						"name": "FlightDate",
						"type": "String"
					},
					{
						"name": "NoSalesReason",
						"type": "String"
					},
					{
						"name": "TransmittingFlightAttd",
						"type": "String"
					}
				]
			},
			"dependsOn": []
		},
		{
			"name": "[concat(parameters('factoryName'), '/hg250013_flat_file_source_ds')]",
			"type": "Microsoft.DataFactory/factories/datasets",
			"apiVersion": "2018-06-01",
			"properties": {
				"linkedServiceName": {
					"referenceName": "adls_ls",
					"type": "LinkedServiceReference"
				},
				"folder": {
					"name": "ADF_Demo_DS"
				},
				"annotations": [],
				"type": "DelimitedText",
				"typeProperties": {
					"location": {
						"type": "AzureBlobFSLocation",
						"fileName": "nosales.txt",
						"folderPath": "input",
						"fileSystem": "hg250013"
					},
					"columnDelimiter": "^",
					"escapeChar": "\\",
					"firstRowAsHeader": true,
					"quoteChar": "\""
				},
				"schema": [
					{
						"name": "Flight#",
						"type": "String"
					},
					{
						"name": "Origin",
						"type": "String"
					},
					{
						"name": "Dest",
						"type": "String"
					},
					{
						"name": "FlightDate",
						"type": "String"
					},
					{
						"name": "NoSalesReason",
						"type": "String"
					},
					{
						"name": "TransmittingFlightAttd",
						"type": "String"
					}
				]
			},
			"dependsOn": []
		},
		{
			"name": "[concat(parameters('factoryName'), '/hg250013_flat_file_source_ds_for_parameter_demo')]",
			"type": "Microsoft.DataFactory/factories/datasets",
			"apiVersion": "2018-06-01",
			"properties": {
				"linkedServiceName": {
					"referenceName": "adls_ls",
					"type": "LinkedServiceReference"
				},
				"parameters": {
					"containerName": {
						"type": "string"
					},
					"directoryName": {
						"type": "string"
					},
					"fileName": {
						"type": "string"
					}
				},
				"folder": {
					"name": "ADF_Demo_DS"
				},
				"annotations": [],
				"type": "DelimitedText",
				"typeProperties": {
					"location": {
						"type": "AzureBlobFSLocation",
						"fileName": {
							"value": "@dataset().fileName",
							"type": "Expression"
						},
						"folderPath": {
							"value": "@dataset().directoryName",
							"type": "Expression"
						},
						"fileSystem": {
							"value": "@dataset().containerName",
							"type": "Expression"
						}
					},
					"columnDelimiter": "^",
					"escapeChar": "\\",
					"firstRowAsHeader": true,
					"quoteChar": "\""
				},
				"schema": [
					{
						"name": "Flight#",
						"type": "String"
					},
					{
						"name": "Origin",
						"type": "String"
					},
					{
						"name": "Dest",
						"type": "String"
					},
					{
						"name": "FlightDate",
						"type": "String"
					},
					{
						"name": "NoSalesReason",
						"type": "String"
					},
					{
						"name": "TransmittingFlightAttd",
						"type": "String"
					}
				]
			},
			"dependsOn": []
		},
		{
			"name": "[concat(parameters('factoryName'), '/hg250013_flat_par_sink1_ds')]",
			"type": "Microsoft.DataFactory/factories/datasets",
			"apiVersion": "2018-06-01",
			"properties": {
				"linkedServiceName": {
					"referenceName": "adls_ls",
					"type": "LinkedServiceReference"
				},
				"folder": {
					"name": "ADF_Demo_DS"
				},
				"annotations": [],
				"type": "Parquet",
				"typeProperties": {
					"location": {
						"type": "AzureBlobFSLocation",
						"fileName": "testfilename",
						"folderPath": "output1",
						"fileSystem": "hg250013"
					},
					"compressionCodec": "snappy"
				},
				"schema": [
					{
						"name": "FlightNo",
						"type": "UTF8"
					},
					{
						"name": "Origin",
						"type": "UTF8"
					},
					{
						"name": "Dest",
						"type": "UTF8"
					},
					{
						"name": "FlightDate",
						"type": "UTF8"
					},
					{
						"name": "NoSalesReason",
						"type": "UTF8"
					},
					{
						"name": "TransmittingFlightAttd",
						"type": "UTF8"
					}
				]
			},
			"dependsOn": []
		},
		{
			"name": "[concat(parameters('factoryName'), '/hg250013_flat_par_sink1_ds_for_parameter_demo')]",
			"type": "Microsoft.DataFactory/factories/datasets",
			"apiVersion": "2018-06-01",
			"properties": {
				"linkedServiceName": {
					"referenceName": "adls_ls",
					"type": "LinkedServiceReference"
				},
				"parameters": {
					"destContainer": {
						"type": "string"
					},
					"destDirectory": {
						"type": "string"
					},
					"destFileName": {
						"type": "string"
					}
				},
				"folder": {
					"name": "ADF_Demo_DS"
				},
				"annotations": [],
				"type": "Parquet",
				"typeProperties": {
					"location": {
						"type": "AzureBlobFSLocation",
						"fileName": {
							"value": "@dataset().destFileName",
							"type": "Expression"
						},
						"folderPath": {
							"value": "@dataset().destDirectory",
							"type": "Expression"
						},
						"fileSystem": {
							"value": "@dataset().destContainer",
							"type": "Expression"
						}
					},
					"compressionCodec": "snappy"
				},
				"schema": [
					{
						"name": "FlightNo",
						"type": "UTF8"
					},
					{
						"name": "Origin",
						"type": "UTF8"
					},
					{
						"name": "Dest",
						"type": "UTF8"
					},
					{
						"name": "FlightDate",
						"type": "UTF8"
					},
					{
						"name": "NoSalesReason",
						"type": "UTF8"
					},
					{
						"name": "TransmittingFlightAttd",
						"type": "UTF8"
					}
				]
			},
			"dependsOn": []
		},
		{
			"name": "[concat(parameters('factoryName'), '/hg250013_json_file_sink3_ds')]",
			"type": "Microsoft.DataFactory/factories/datasets",
			"apiVersion": "2018-06-01",
			"properties": {
				"linkedServiceName": {
					"referenceName": "adls_ls",
					"type": "LinkedServiceReference"
				},
				"folder": {
					"name": "ADF_Demo_DS"
				},
				"annotations": [],
				"type": "Json",
				"typeProperties": {
					"location": {
						"type": "AzureBlobFSLocation",
						"folderPath": "output3",
						"fileSystem": "hg250013"
					}
				}
			},
			"dependsOn": []
		},
		{
			"name": "[concat(parameters('factoryName'), '/hg250013_parameter_ds')]",
			"type": "Microsoft.DataFactory/factories/datasets",
			"apiVersion": "2018-06-01",
			"properties": {
				"linkedServiceName": {
					"referenceName": "adls_ls",
					"type": "LinkedServiceReference"
				},
				"folder": {
					"name": "ADF_Demo_DS"
				},
				"annotations": [],
				"type": "Json",
				"typeProperties": {
					"location": {
						"type": "AzureBlobFSLocation",
						"fileName": "ADF_parameters_2.json",
						"folderPath": "config",
						"fileSystem": "hg250013"
					}
				},
				"schema": {
					"type": "object",
					"properties": {
						"sourceDataBase": {
							"type": "string"
						},
						"sourceTable": {
							"type": "string"
						},
						"targetDataBase": {
							"type": "string"
						},
						"targetTable": {
							"type": "string"
						},
						"partitionCol": {
							"type": "string"
						},
						"columns": {
							"type": "string"
						}
					}
				}
			},
			"dependsOn": []
		},
		{
			"name": "[concat(parameters('factoryName'), '/hg250013_parameter_sink_ds')]",
			"type": "Microsoft.DataFactory/factories/datasets",
			"apiVersion": "2018-06-01",
			"properties": {
				"linkedServiceName": {
					"referenceName": "adls_ls",
					"type": "LinkedServiceReference"
				},
				"parameters": {
					"destFileName": {
						"type": "string"
					},
					"destDirectory": {
						"type": "string"
					},
					"destContainer": {
						"type": "string"
					}
				},
				"folder": {
					"name": "ADF_Demo_DS"
				},
				"annotations": [],
				"type": "Parquet",
				"typeProperties": {
					"location": {
						"type": "AzureBlobFSLocation",
						"fileName": {
							"value": "@dataset().destFileName",
							"type": "Expression"
						},
						"folderPath": {
							"value": "@dataset().destDirectory",
							"type": "Expression"
						},
						"fileSystem": {
							"value": "@dataset().destContainer",
							"type": "Expression"
						}
					},
					"compressionCodec": "snappy"
				},
				"schema": []
			},
			"dependsOn": []
		},
		{
			"name": "[concat(parameters('factoryName'), '/hg250013_raw_json_rest_ds')]",
			"type": "Microsoft.DataFactory/factories/datasets",
			"apiVersion": "2018-06-01",
			"properties": {
				"linkedServiceName": {
					"referenceName": "adls_ls",
					"type": "LinkedServiceReference"
				},
				"annotations": [],
				"type": "Json",
				"typeProperties": {
					"location": {
						"type": "AzureBlobFSLocation",
						"folderPath": "raw",
						"fileSystem": "hg250013"
					}
				}
			},
			"dependsOn": []
		},
		{
			"name": "[concat(parameters('factoryName'), '/adb_ls')]",
			"type": "Microsoft.DataFactory/factories/linkedServices",
			"apiVersion": "2018-06-01",
			"properties": {
				"annotations": [],
				"type": "AzureDatabricks",
				"typeProperties": {
					"domain": "https://adb-4747255312543413.13.azuredatabricks.net",
					"accessToken": {
						"type": "AzureKeyVaultSecret",
						"store": {
							"referenceName": "key_vault_ls",
							"type": "LinkedServiceReference"
						},
						"secretName": "td-aa-trng-adb-tkn-secret"
					},
					"existingClusterId": "0604-175127-mulch547"
				}
			},
			"dependsOn": [
				"[concat(variables('factoryId'), '/linkedServices/key_vault_ls')]"
			]
		},
		{
			"name": "[concat(parameters('factoryName'), '/key_vault_ls')]",
			"type": "Microsoft.DataFactory/factories/linkedServices",
			"apiVersion": "2018-06-01",
			"properties": {
				"annotations": [],
				"type": "AzureKeyVault",
				"typeProperties": {
					"baseUrl": "https://td-aa-trng-kv.vault.azure.net/"
				}
			},
			"dependsOn": []
		},
		{
			"name": "[concat(parameters('factoryName'), '/rest_api_ls')]",
			"type": "Microsoft.DataFactory/factories/linkedServices",
			"apiVersion": "2018-06-01",
			"properties": {
				"annotations": [],
				"type": "RestService",
				"typeProperties": {
					"url": "https://quote-garden.herokuapp.com/api/v2/quotes?page=1&limit=150",
					"enableServerCertificateValidation": true,
					"authenticationType": "Anonymous"
				}
			},
			"dependsOn": []
		},
		{
			"name": "[concat(parameters('factoryName'), '/Test')]",
			"type": "Microsoft.DataFactory/factories/triggers",
			"apiVersion": "2018-06-01",
			"properties": {
				"annotations": [],
				"runtimeState": "Stopped",
				"pipelines": [
					{
						"pipelineReference": {
							"referenceName": "hg250013_adf_td_training_demo",
							"type": "PipelineReference"
						}
					}
				],
				"type": "ScheduleTrigger",
				"typeProperties": {
					"recurrence": {
						"frequency": "Minute",
						"interval": 60,
						"startTime": "2020-06-11T10:13:00.000Z",
						"endTime": "2020-06-13T10:13:00.000Z",
						"timeZone": "UTC"
					}
				}
			},
			"dependsOn": [
				"[concat(variables('factoryId'), '/pipelines/hg250013_adf_td_training_demo')]"
			]
		},
		{
			"name": "[concat(parameters('factoryName'), '/hg250013_makeDataPartitioned')]",
			"type": "Microsoft.DataFactory/factories/dataflows",
			"apiVersion": "2018-06-01",
			"properties": {
				"folder": {
					"name": "ADF_Demo_DF"
				},
				"type": "MappingDataFlow",
				"typeProperties": {
					"sources": [
						{
							"dataset": {
								"referenceName": "hg250013_flat_file_source_ds",
								"type": "DatasetReference"
							},
							"name": "FlatSource"
						}
					],
					"sinks": [
						{
							"dataset": {
								"referenceName": "hg250013_csv_partitioned_ds",
								"type": "DatasetReference"
							},
							"name": "sink4"
						}
					],
					"transformations": [],
					"script": "source(output(\n\t\t{Flight#} as string,\n\t\tOrigin as string,\n\t\tDest as string,\n\t\tFlightDate as string,\n\t\tNoSalesReason as string,\n\t\tTransmittingFlightAttd as string\n\t),\n\tallowSchemaDrift: true,\n\tvalidateSchema: false,\n\twildcardPaths:['input/*']) ~> FlatSource\nFlatSource sink(allowSchemaDrift: true,\n\tvalidateSchema: false,\n\tpartitionBy('key',\n\t\t0,\n\t\tFlightDate\n\t),\n\tskipDuplicateMapInputs: true,\n\tskipDuplicateMapOutputs: true) ~> sink4"
				}
			},
			"dependsOn": [
				"[concat(variables('factoryId'), '/datasets/hg250013_flat_file_source_ds')]",
				"[concat(variables('factoryId'), '/datasets/hg250013_csv_partitioned_ds')]"
			]
		}
	]
}