{
	"name": "as186113_demo_file1",
	"properties": {
		"linkedServiceName": {
			"referenceName": "adls_ls",
			"type": "LinkedServiceReference"
		},
		"annotations": [],
		"type": "DelimitedText",
		"typeProperties": {
			"location": {
				"type": "AzureBlobFSLocation",
				"fileName": "RIM_V1.2_HistoryData.csv",
				"fileSystem": "as186113"
			},
			"columnDelimiter": "^",
			"escapeChar": "\\",
			"firstRowAsHeader": true,
			"quoteChar": "\""
		},
		"schema": [
			{
				"name": "Flight#",
				"type": "String"
			},
			{
				"name": "Origin",
				"type": "String"
			},
			{
				"name": "Dest",
				"type": "String"
			},
			{
				"name": "FlightDate",
				"type": "String"
			},
			{
				"name": "NoSalesReason",
				"type": "String"
			},
			{
				"name": "TransmittingFlightAttd",
				"type": "String"
			}
		]
	},
	"type": "Microsoft.DataFactory/factories/datasets"
}