{
	"name": "Copy_Data_CI_CD_Source",
	"properties": {
		"linkedServiceName": {
			"referenceName": "adls_ls",
			"type": "LinkedServiceReference"
		},
		"folder": {
			"name": "pt186024"
		},
		"annotations": [],
		"type": "DelimitedText",
		"typeProperties": {
			"location": {
				"type": "AzureBlobFSLocation",
				"fileName": "Vacation_Data.csv",
				"folderPath": "Inbound",
				"fileSystem": "pt186024"
			},
			"columnDelimiter": ",",
			"escapeChar": "\\",
			"firstRowAsHeader": true,
			"quoteChar": "\""
		},
		"schema": [
			{
				"name": "BOOKING_ID",
				"type": "String"
			},
			{
				"name": "BOOKING_DATE",
				"type": "String"
			},
			{
				"name": "DEPARTURE_DATE",
				"type": "String"
			},
			{
				"name": "CUSTOMER_ID",
				"type": "String"
			},
			{
				"name": "AIR_AMT",
				"type": "String"
			},
			{
				"name": "AIR_TAX_AMT",
				"type": "String"
			},
			{
				"name": "AIR_REVENUE_AMT",
				"type": "String"
			},
			{
				"name": "BOOKING_TYPE",
				"type": "String"
			},
			{
				"name": "FROM_LOCATION",
				"type": "String"
			},
			{
				"name": "TO_LOCATION",
				"type": "String"
			}
		]
	}
}