{
	"name": "CTL_File_Src",
	"properties": {
		"linkedServiceName": {
			"referenceName": "adls_ls",
			"type": "LinkedServiceReference"
		},
		"parameters": {
			"CTL_File_Name": {
				"type": "string"
			}
		},
		"folder": {
			"name": "as186113"
		},
		"annotations": [],
		"type": "DelimitedText",
		"typeProperties": {
			"location": {
				"type": "AzureBlobFSLocation",
				"fileName": {
					"value": "@dataset().CTL_File_Name",
					"type": "Expression"
				},
				"folderPath": "inbound",
				"fileSystem": "as186113"
			},
			"columnDelimiter": ",",
			"escapeChar": "\\",
			"quoteChar": "\""
		},
		"schema": []
	}
}