{
	"name": "gen_src_ds",
	"properties": {
		"linkedServiceName": {
			"referenceName": "blob_ls",
			"type": "LinkedServiceReference"
		},
		"parameters": {
			"file_name": {
				"type": "string"
			},
			"folder_name": {
				"type": "string"
			}
		},
		"folder": {
			"name": "Audit Control Framework Dataset"
		},
		"annotations": [],
		"type": "DelimitedText",
		"typeProperties": {
			"location": {
				"type": "AzureBlobStorageLocation",
				"fileName": {
					"value": "@dataset().file_name",
					"type": "Expression"
				},
				"container": {
					"value": "@dataset().folder_name",
					"type": "Expression"
				}
			},
			"columnDelimiter": ",",
			"escapeChar": "\\",
			"quoteChar": "\""
		},
		"schema": []
	},
	"type": "Microsoft.DataFactory/factories/datasets"
}