{
	"name": "Hg250013_parameter_source_ds",
	"properties": {
		"linkedServiceName": {
			"referenceName": "adls_ls",
			"type": "LinkedServiceReference"
		},
		"parameters": {
			"sourceDirectory": {
				"type": "string"
			},
			"sourceContainer": {
				"type": "string"
			},
			"sourceFileName": {
				"type": "string"
			}
		},
		"folder": {
			"name": "ADF_Demo_DS"
		},
		"annotations": [],
		"type": "DelimitedText",
		"typeProperties": {
			"location": {
				"type": "AzureBlobFSLocation"
			},
			"columnDelimiter": "^",
			"escapeChar": "\\",
			"quoteChar": "\""
		},
		"schema": []
	},
	"type": "Microsoft.DataFactory/factories/datasets"
}