{
	"name": "hg250013_parameter_sink_ds",
	"properties": {
		"linkedServiceName": {
			"referenceName": "adls_ls",
			"type": "LinkedServiceReference"
		},
		"parameters": {
			"destFileName": {
				"type": "string"
			},
			"destDirectory": {
				"type": "string"
			},
			"destContainer": {
				"type": "string"
			}
		},
		"folder": {
			"name": "ADF_Demo_DS"
		},
		"annotations": [],
		"type": "Parquet",
		"typeProperties": {
			"location": {
				"type": "AzureBlobFSLocation",
				"fileName": {
					"value": "@dataset().destFileName",
					"type": "Expression"
				},
				"folderPath": {
					"value": "@dataset().destDirectory",
					"type": "Expression"
				},
				"fileSystem": {
					"value": "@dataset().destContainer",
					"type": "Expression"
				}
			},
			"compressionCodec": "snappy"
		},
		"schema": []
	},
	"type": "Microsoft.DataFactory/factories/datasets"
}