{
	"name": "hg250013_flat_file_source_ds",
	"properties": {
		"linkedServiceName": {
			"referenceName": "adls_ls",
			"type": "LinkedServiceReference"
		},
		"folder": {
			"name": "ADF_Demo_DS"
		},
		"annotations": [],
		"type": "DelimitedText",
		"typeProperties": {
			"location": {
				"type": "AzureBlobFSLocation",
				"fileName": "nosales.txt",
				"folderPath": "input",
				"fileSystem": "hg250013"
			},
			"columnDelimiter": "^",
			"escapeChar": "\\",
			"firstRowAsHeader": true,
			"quoteChar": "\""
		},
		"schema": [
			{
				"name": "Flight#",
				"type": "String"
			},
			{
				"name": "Origin",
				"type": "String"
			},
			{
				"name": "Dest",
				"type": "String"
			},
			{
				"name": "FlightDate",
				"type": "String"
			},
			{
				"name": "NoSalesReason",
				"type": "String"
			},
			{
				"name": "TransmittingFlightAttd",
				"type": "String"
			}
		]
	},
	"type": "Microsoft.DataFactory/factories/datasets"
}