{
	"name": "Unzipped_Input",
	"properties": {
		"linkedServiceName": {
			"referenceName": "adls_ls",
			"type": "LinkedServiceReference"
		},
		"parameters": {
			"Container_Name": {
				"type": "string"
			},
			"Input_Directory": {
				"type": "string"
			},
			"File_Name": {
				"type": "string"
			}
		},
		"folder": {
			"name": "sj186068"
		},
		"annotations": [],
		"type": "DelimitedText",
		"typeProperties": {
			"location": {
				"type": "AzureBlobFSLocation",
				"fileName": {
					"value": "@dataset().File_Name",
					"type": "Expression"
				},
				"folderPath": {
					"value": "@dataset().Input_Directory",
					"type": "Expression"
				},
				"fileSystem": {
					"value": "@dataset().Container_Name",
					"type": "Expression"
				}
			},
			"columnDelimiter": ",",
			"escapeChar": "\\",
			"firstRowAsHeader": true,
			"quoteChar": "\""
		},
		"schema": []
	}
}