{
	"name": "ADLS2Vantage",
	"properties": {
		"activities": [
			{
				"name": "ADLS2Vantage",
				"type": "Copy",
				"dependsOn": [],
				"policy": {
					"timeout": "7.00:00:00",
					"retry": 0,
					"retryIntervalInSeconds": 30,
					"secureOutput": false,
					"secureInput": false
				},
				"userProperties": [],
				"typeProperties": {
					"source": {
						"type": "DelimitedTextSource",
						"storeSettings": {
							"type": "AzureBlobFSReadSettings",
							"recursive": true
						},
						"formatSettings": {
							"type": "DelimitedTextReadSettings"
						}
					},
					"sink": {
						"type": "OdbcSink",
						"writeBatchSize": 0
					},
					"enableStaging": false,
					"translator": {
						"type": "TabularTranslator",
						"mappings": [
							{
								"source": {
									"name": "BUSINESS_UNIT",
									"type": "String",
									"physicalType": "String"
								},
								"sink": {
									"name": "BUSINESS_UNIT",
									"type": "String"
								}
							},
							{
								"source": {
									"name": "ASSET_ID",
									"type": "String",
									"physicalType": "String"
								},
								"sink": {
									"name": "ASSET_ID",
									"type": "String"
								}
							},
							{
								"source": {
									"name": "EFFDT",
									"type": "String",
									"physicalType": "String"
								},
								"sink": {
									"name": "EFFDT",
									"type": "String"
								}
							},
							{
								"source": {
									"name": "OWNING_BUS_UNIT7",
									"type": "String",
									"physicalType": "String"
								},
								"sink": {
									"name": "OWNING_BUS_UNIT7",
									"type": "String"
								}
							}
						],
						"typeConversion": true,
						"typeConversionSettings": {
							"allowDataTruncation": true,
							"treatBooleanAsNumber": false
						}
					}
				},
				"inputs": [
					{
						"referenceName": "ReadCsv",
						"type": "DatasetReference"
					}
				],
				"outputs": [
					{
						"referenceName": "Odbc_Vantage",
						"type": "DatasetReference"
					}
				]
			}
		],
		"folder": {
			"name": "VANTAGE"
		},
		"annotations": []
	}
}