{
	"$schema": "http://schema.management.azure.com/schemas/2015-01-01/deploymentTemplate.json#",
	"contentVersion": "1.0.0.0",
	"parameters": {
		"factoryName": {
			"type": "string",
			"metadata": "Data Factory name"
		},
		"adls_ls": {
			"type": "string"
		}
	},
	"variables": {
		"factoryId": "[concat('Microsoft.DataFactory/factories/', parameters('factoryName'))]"
	},
	"resources": [
		{
			"name": "[concat(parameters('factoryName'), '/CSV_File')]",
			"type": "Microsoft.DataFactory/factories/pipelines",
			"apiVersion": "2018-06-01",
			"properties": {
				"activities": [
					{
						"name": "Extracting CSV file",
						"type": "SetVariable",
						"dependsOn": [],
						"userProperties": [],
						"typeProperties": {
							"variableName": "CSV_File_Name",
							"value": {
								"value": "@substring(pipeline().parameters.File_Name,0,lastindexof(pipeline().parameters.File_Name,'.'))",
								"type": "Expression"
							}
						}
					},
					{
						"name": "Extracting CTL file",
						"type": "SetVariable",
						"dependsOn": [
							{
								"activity": "Extracting CSV file",
								"dependencyConditions": [
									"Succeeded"
								]
							}
						],
						"userProperties": [],
						"typeProperties": {
							"variableName": "CTL_File_Name",
							"value": {
								"value": "@concat(substring(variables('CSV_File_Name'),0,lastindexof(variables('CSV_File_Name'),'.')),'.ctl')",
								"type": "Expression"
							}
						}
					},
					{
						"name": "Check CTL File if exists",
						"type": "Lookup",
						"dependsOn": [
							{
								"activity": "Extracting CTL file",
								"dependencyConditions": [
									"Succeeded"
								]
							}
						],
						"policy": {
							"timeout": "7.00:00:00",
							"retry": 0,
							"retryIntervalInSeconds": 30,
							"secureOutput": false,
							"secureInput": false
						},
						"userProperties": [],
						"typeProperties": {
							"source": {
								"type": "DelimitedTextSource",
								"storeSettings": {
									"type": "AzureBlobFSReadSettings",
									"recursive": true
								},
								"formatSettings": {
									"type": "DelimitedTextReadSettings"
								}
							},
							"dataset": {
								"referenceName": "CTL_File_Src",
								"type": "DatasetReference",
								"parameters": {
									"CTL_File_Name": {
										"value": "@variables('CTL_File_Name')",
										"type": "Expression"
									}
								}
							}
						}
					},
					{
						"name": "Email_Fail_Notification",
						"type": "WebActivity",
						"dependsOn": [
							{
								"activity": "Check CTL File if exists",
								"dependencyConditions": [
									"Failed"
								]
							}
						],
						"policy": {
							"timeout": "7.00:00:00",
							"retry": 0,
							"retryIntervalInSeconds": 30,
							"secureOutput": false,
							"secureInput": false
						},
						"userProperties": [],
						"typeProperties": {
							"url": "https://prod-48.eastus.logic.azure.com:443/workflows/27b0503ec47a4951aa8d0a747c7ccd25/triggers/manual/paths/invoke?api-version=2016-10-01&sp=%2Ftriggers%2Fmanual%2Frun&sv=1.0&sig=b2-jmvnjIJK5gSU40VFp8FnBJs5Qh8VOg1fWGj43G7Y",
							"method": "POST",
							"headers": {
								"Content-type": "application/json"
							},
							"body": {
								"value": "@concat('{\n\"EmailTo\" : \"',pipeline().parameters.EmailTo,'\",\n\"Subject\" : \"An error has occurred in the ',pipeline().Pipeline,'-pipeline for  file-',pipeline().parameters.File_Name,'\",\n \"DataFactoryName\" : \"',pipeline().DataFactory,'\",\n \"PipelineName\" : \"',pipeline().Pipeline,'\", \n \"Activity\" : \"',pipeline().parameters.Activity,'\",\n \"ErrorMessage\" : \"',pipeline().parameters.ErrorMessage,'\",\n \"FileName\" : \"',pipeline().parameters.File_Name,'\"\n  }')",
								"type": "Expression"
							}
						}
					}
				],
				"parameters": {
					"File_Name": {
						"type": "string",
						"defaultValue": "Employee.csv.gz"
					},
					"EmailTo": {
						"type": "string",
						"defaultValue": "achal.saxena@teradata.com"
					},
					"Activity": {
						"type": "string",
						"defaultValue": "Lookup"
					},
					"ErrorMessage": {
						"type": "string",
						"defaultValue": "CTL File not received"
					},
					"Container_Name": {
						"type": "string",
						"defaultValue": "as186113"
					}
				},
				"variables": {
					"CSV_File_Name": {
						"type": "String"
					},
					"CTL_File_Name": {
						"type": "String"
					}
				},
				"annotations": []
			},
			"dependsOn": [
				"[concat(variables('factoryId'), '/datasets/CTL_File_Src')]"
			]
		},
		{
			"name": "[concat(parameters('factoryName'), '/CTL_File_Src')]",
			"type": "Microsoft.DataFactory/factories/datasets",
			"apiVersion": "2018-06-01",
			"properties": {
				"linkedServiceName": {
					"referenceName": "[parameters('adls_ls')]",
					"type": "LinkedServiceReference"
				},
				"parameters": {
					"CTL_File_Name": {
						"type": "string"
					}
				},
				"annotations": [],
				"type": "DelimitedText",
				"typeProperties": {
					"location": {
						"type": "AzureBlobFSLocation",
						"fileName": {
							"value": "@dataset().CTL_File_Name",
							"type": "Expression"
						},
						"folderPath": "inbound",
						"fileSystem": "as186113"
					},
					"columnDelimiter": ",",
					"escapeChar": "\\",
					"quoteChar": "\""
				},
				"schema": []
			},
			"dependsOn": []
		}
	]
}